<?xml version="1.0" encoding="UTF-8"?>

<Condition xmlns="http://hl7.org/fhir">
  <id value="BSJ-DepressionDiagnosis"/>
  <meta>
    <profile value="http://hl7.org/fhir/us/pacio-pfe/StructureDefinition/pfe-condition-encounter-diagnosis"/>
  </meta>
  <text>
    <status value="extensions"/><div xmlns="http://www.w3.org/1999/xhtml"><p><b>Generated Narrative: Condition</b><a name="BSJ-DepressionDiagnosis"> </a><a name="hcBSJ-DepressionDiagnosis"> </a></p><div style="display: inline-block; background-color: #d9e0e7; padding: 6px; margin: 4px; border: 1px solid #8da1b4; border-radius: 5px; line-height: 60%"><p style="margin-bottom: 0px">Resource Condition &quot;BSJ-DepressionDiagnosis&quot; </p><p style="margin-bottom: 0px">Profile: <code>http://hl7.org/fhir/us/pacio-pfe/StructureDefinition/pfe-condition-encounter-diagnosis</code></p></div><p><b>Condition Asserted Date</b>: 2005-02</p><p><b>clinicalStatus</b>: Active <span style="background: LightGoldenRodYellow; margin: 4px; border: 1px solid khaki"> (<a href="http://terminology.hl7.org/5.4.0/CodeSystem-condition-clinical.html">Condition Clinical Status Codes</a>#active)</span></p><p><b>verificationStatus</b>: Confirmed <span style="background: LightGoldenRodYellow; margin: 4px; border: 1px solid khaki"> (<a href="http://terminology.hl7.org/5.4.0/CodeSystem-condition-ver-status.html">ConditionVerificationStatus</a>#confirmed)</span></p><p><b>category</b>: Emotional functions <span style="background: LightGoldenRodYellow; margin: 4px; border: 1px solid khaki"> (<a href="http://terminology.hl7.org/5.0.0/CodeSystem-ICF.html">International Classification of Functioning, Disability and Health</a>#b152)</span>, Encounter Diagnosis <span style="background: LightGoldenRodYellow; margin: 4px; border: 1px solid khaki"> (<a href="http://hl7.org/fhir/us/core/STU6.1/CodeSystem-condition-category.html">US Core Condition Category Extension Codes</a>#encounter-diagnosis)</span></p><p><b>code</b>: Depressive disorder (disorder) <span style="background: LightGoldenRodYellow; margin: 4px; border: 1px solid khaki"> (SNOMED CT#35489007)</span></p><p><b>bodySite</b>: Brain structure (body structure) <span style="background: LightGoldenRodYellow; margin: 4px; border: 1px solid khaki"> (SNOMED CT#12738006)</span></p><p><b>subject</b>: <a href="Patient-Example-Smith-Johnson-Patient1.html">Patient/Example-Smith-Johnson-Patient1</a> &quot; SMITH-JOHNSON&quot;</p></div>
  </text>
  <extension url="http://hl7.org/fhir/StructureDefinition/condition-assertedDate">
    <valueDateTime value="2005-02"/>
  </extension>
  <clinicalStatus>
    <coding>
      <system value="http://terminology.hl7.org/CodeSystem/condition-clinical"/>
      <code value="active"/>
    </coding>
  </clinicalStatus>
  <verificationStatus>
    <coding>
      <system value="http://terminology.hl7.org/CodeSystem/condition-ver-status"/>
      <code value="confirmed"/>
    </coding>
  </verificationStatus>
  <category>
    <coding>
      <system value="http://hl7.org/fhir/sid/icf"/>
      <code value="b152"/>
      <display value="Emotional functions"/>
    </coding>
  </category>
  <category>
    <coding>
      <system value="http://hl7.org/fhir/us/core/CodeSystem/condition-category"/>
      <code value="encounter-diagnosis"/>
      <display value="Encounter Diagnosis"/>
    </coding>
  </category>
  <code>
    <coding>
      <system value="http://snomed.info/sct/731000124108"/>
      <code value="35489007"/>
      <display value="Depressive disorder (disorder)"/>
    </coding>
  </code>
  <bodySite>
    <coding>
      <system value="http://snomed.info/sct/731000124108"/>
      <code value="12738006"/>
      <display value="Brain structure (body structure)"/>
    </coding>
  </bodySite>
  <subject>
    <reference value="Patient/Example-Smith-Johnson-Patient1"/>
  </subject>
</Condition>