<?xml version="1.0" encoding="UTF-8"?>

<Observation xmlns="http://hl7.org/fhir">
  <id value="BSJ-MDS-ShortWalk1"/>
  <meta>
    <profile value="http://hl7.org/fhir/us/pacio-pfe/StructureDefinition/pfe-observation-single"/>
  </meta>
  <text>
    <status value="extensions"/><div xmlns="http://www.w3.org/1999/xhtml"><p><b>Generated Narrative: Observation</b><a name="BSJ-MDS-ShortWalk1"> </a><a name="hcBSJ-MDS-ShortWalk1"> </a></p><div style="display: inline-block; background-color: #d9e0e7; padding: 6px; margin: 4px; border: 1px solid #8da1b4; border-radius: 5px; line-height: 60%"><p style="margin-bottom: 0px">ResourceObservation &quot;BSJ-MDS-ShortWalk1&quot; </p><p style="margin-bottom: 0px">Profile: <a href="http://hl7.org/fhir/us/pacio-pfe/STU1/StructureDefinition-pfe-observation-single.html">Personal Functioning and Engagement Single Observation</a></p></div><p><b>Event Location</b>: <a href="Location-org-Loc-SNF-Happy-Nursing-Facility.html">Location/org-Loc-SNF-Happy-Nursing-Facility</a> &quot;Happy Nursing Facility&quot;</p><p><b>status</b>: final</p><p><b>category</b>: Moving Around Within the Home <span style="background: LightGoldenRodYellow; margin: 4px; border: 1px solid khaki"> (<a href="http://hl7.org/fhir/us/pacio-pfe/STU1/CodeSystem-pfe-category-cs.html">Personal Functioning and Engagement Category</a>#d4600)</span>, Survey <span style="background: LightGoldenRodYellow; margin: 4px; border: 1px solid khaki"> (<a href="http://terminology.hl7.org/5.4.0/CodeSystem-observation-category.html">Observation Category Codes</a>#survey)</span>, Functioning <span style="background: LightGoldenRodYellow; margin: 4px; border: 1px solid khaki"> (<a href="http://hl7.org/fhir/us/pacio-pfe/STU1/CodeSystem-pfe-functioning-cs.html">Personal Functioning and Engagement Functioning Category Code System</a>#functioning)</span></p><p><b>code</b>: Walk 50 feet with two turns - functional goal during assessment period [CMS Assessment] <span style="background: LightGoldenRodYellow; margin: 4px; border: 1px solid khaki"> (<a href="https://loinc.org/">LOINC</a>#89381-8)</span></p><p><b>subject</b>: <a href="Patient-Example-Smith-Johnson-Patient1.html">Patient/Example-Smith-Johnson-Patient1</a> &quot; SMITH-JOHNSON&quot;</p><p><b>effective</b>: 2024-05-16 14:30:00-0400</p><p><b>performer</b>: <a href="PractitionerRole-Role-OT-JenCadbury.html">PractitionerRole/Role-OT-JenCadbury</a></p><p><b>value</b>: Partial/moderate assistance - helper does less than half the effort. Helper lifts, holds or supports trunk or limbs, but provides less than half the effort. <span style="background: LightGoldenRodYellow; margin: 4px; border: 1px solid khaki"> (<a href="https://loinc.org/">LOINC</a>#LA10055-4)</span></p></div>
  </text>
  <extension url="http://hl7.org/fhir/StructureDefinition/event-location">
    <valueReference>
      <reference value="Location/org-Loc-SNF-Happy-Nursing-Facility"/>
    </valueReference>
  </extension>
  <status value="final"/>
  <category>
    <coding>
      <system value="http://hl7.org/fhir/us/pacio-pfe/CodeSystem/pfe-category-cs"/>
      <code value="d4600"/>
      <display value="Moving Around Within the Home"/>
    </coding>
  </category>
  <category>
    <coding>
      <system value="http://terminology.hl7.org/CodeSystem/observation-category"/>
      <code value="survey"/>
    </coding>
  </category>
  <category>
    <coding>
      <system value="http://hl7.org/fhir/us/pacio-pfe/CodeSystem/pfe-functioning-cs"/>
      <code value="functioning"/>
      <display value="Functioning"/>
    </coding>
  </category>
  <code>
    <coding>
      <system value="http://loinc.org"/>
      <code value="89381-8"/>
      <display value="Walk 50 feet with two turns - functional goal during assessment period [CMS Assessment]"/>
    </coding>
  </code>
  <subject>
    <reference value="Patient/Example-Smith-Johnson-Patient1"/>
  </subject>
  <effectiveDateTime value="2024-05-16T14:30:00-04:00"/>
  <performer>
    <reference value="PractitionerRole/Role-OT-JenCadbury"/>
  </performer>
  <valueCodeableConcept>
    <coding>
      <system value="http://loinc.org"/>
      <code value="LA10055-4"/>
      <display value="Partial/moderate assistance - helper does less than half the effort. Helper lifts, holds or supports trunk or limbs, but provides less than half the effort."/>
    </coding>
  </valueCodeableConcept>
</Observation>