<?xml version="1.0" encoding="UTF-8"?>

<Organization xmlns="http://hl7.org/fhir">
  <id value="org-Neuro-Care-Inc"/>
  <meta>
    <profile value="http://hl7.org/fhir/us/core/StructureDefinition/us-core-organization"/>
  </meta>
  <text>
    <status value="generated"/><div xmlns="http://www.w3.org/1999/xhtml"><p><b>Generated Narrative: Organization</b><a name="org-Neuro-Care-Inc"> </a><a name="hcorg-Neuro-Care-Inc"> </a></p><div style="display: inline-block; background-color: #d9e0e7; padding: 6px; margin: 4px; border: 1px solid #8da1b4; border-radius: 5px; line-height: 60%"><p style="margin-bottom: 0px">ResourceOrganization &quot;org-Neuro-Care-Inc&quot; </p><p style="margin-bottom: 0px">Profile: <a href="http://hl7.org/fhir/us/core/STU6.1/StructureDefinition-us-core-organization.html">US Core Organization Profile</a></p></div><p><b>active</b>: true</p><p><b>name</b>: Neuro Care Inc.</p><p><b>telecom</b>: ph: (210) 555 5555</p><p><b>address</b>: 177 Branching Tree Blvd, Grand Rapids, MI 49509</p></div>
  </text>
  <active value="true"/>
  <name value="Neuro Care Inc."/>
  <telecom>
    <system value="phone"/>
    <value value="(210) 555 5555"/>
  </telecom>
  <address>
    <text value="177 Branching Tree Blvd, Grand Rapids, MI 49509"/>
    <line value="177 Branching Tree Blvd"/>
    <city value="Grand Rapids"/>
    <state value="MI"/>
    <postalCode value="49509"/>
    <country value="US"/>
  </address>
</Organization>