<?xml version="1.0" encoding="UTF-8"?>

<ServiceRequest xmlns="http://hl7.org/fhir">
  <id value="BSJ-SNFDischargeLabOrderBMP"/>
  <meta>
    <profile value="http://hl7.org/fhir/us/pacio-pfe/StructureDefinition/pfe-service-request"/>
  </meta>
  <text>
    <status value="generated"/><div xmlns="http://www.w3.org/1999/xhtml"><p><b>Generated Narrative: ServiceRequest</b><a name="BSJ-SNFDischargeLabOrderBMP"> </a><a name="hcBSJ-SNFDischargeLabOrderBMP"> </a></p><div style="display: inline-block; background-color: #d9e0e7; padding: 6px; margin: 4px; border: 1px solid #8da1b4; border-radius: 5px; line-height: 60%"><p style="margin-bottom: 0px">Resource ServiceRequest &quot;BSJ-SNFDischargeLabOrderBMP&quot; </p><p style="margin-bottom: 0px">Profile: <code>http://hl7.org/fhir/us/pacio-pfe/StructureDefinition/pfe-service-request</code></p></div><p><b>status</b>: active</p><p><b>intent</b>: order</p><p><b>category</b>: Laboratory procedure <span style="background: LightGoldenRodYellow; margin: 4px; border: 1px solid khaki"> (SNOMED CT#108252007)</span></p><p><b>priority</b>: routine</p><p><b>code</b>: Blood chemistry (procedure) <span style="background: LightGoldenRodYellow; margin: 4px; border: 1px solid khaki"> (SNOMED CT#166312007)</span></p><p><b>subject</b>: <a href="Patient-Example-Smith-Johnson-Patient1.html">Patient/Example-Smith-Johnson-Patient1</a> &quot; SMITH-JOHNSON&quot;</p><p><b>occurrence</b>: 2024-05-28</p><p><b>authoredOn</b>: 2024-05-18</p><p><b>requester</b>: <a href="PractitionerRole-Role-SNFDoc-GeraldPark.html">PractitionerRole/Role-SNFDoc-GeraldPark</a></p><p><b>reasonReference</b>: </p><ul><li><a href="Condition-BSJ-AnemiaDiagnosis.html">Condition/BSJ-AnemiaDiagnosis</a></li><li><a href="Condition-BSJ-Hyperlipidemia.html">Condition/BSJ-Hyperlipidemia</a></li><li><a href="Condition-BSJ-KidneyDisease.html">Condition/BSJ-KidneyDisease</a></li><li><a href="Condition-BSJ-DiabetesDiagnosis.html">Condition/BSJ-DiabetesDiagnosis</a></li></ul></div>
  </text>
  <status value="active"/>
  <intent value="order"/>
  <category>
    <coding>
      <system value="http://snomed.info/sct/731000124108"/>
      <code value="108252007"/>
      <display value="Laboratory procedure"/>
    </coding>
  </category>
  <priority value="routine"/>
  <code>
    <coding>
      <system value="http://snomed.info/sct/731000124108"/>
      <code value="166312007"/>
      <display value="Blood chemistry (procedure)"/>
    </coding>
  </code>
  <subject>
    <reference value="Patient/Example-Smith-Johnson-Patient1"/>
  </subject>
  <occurrenceDateTime value="2024-05-28"/>
  <authoredOn value="2024-05-18"/>
  <requester>
    <reference value="PractitionerRole/Role-SNFDoc-GeraldPark"/>
  </requester>
  <reasonReference>
    <reference value="Condition/BSJ-AnemiaDiagnosis"/>
  </reasonReference>
  <reasonReference>
    <reference value="Condition/BSJ-Hyperlipidemia"/>
  </reasonReference>
  <reasonReference>
    <reference value="Condition/BSJ-KidneyDisease"/>
  </reasonReference>
  <reasonReference>
    <reference value="Condition/BSJ-DiabetesDiagnosis"/>
  </reasonReference>
</ServiceRequest>