{
  "resourceType" : "Observation",
  "id" : "BSJ-MDS-Doffing1",
  "meta" : {
    "profile" : ["http://hl7.org/fhir/us/pacio-pfe/StructureDefinition/pfe-observation-single"]
  },
  "text" : {
    "status" : "extensions",
    "div" : "<div xmlns=\"http://www.w3.org/1999/xhtml\"><p><b>Generated Narrative: Observation</b><a name=\"BSJ-MDS-Doffing1\"> </a><a name=\"hcBSJ-MDS-Doffing1\"> </a></p><div style=\"display: inline-block; background-color: #d9e0e7; padding: 6px; margin: 4px; border: 1px solid #8da1b4; border-radius: 5px; line-height: 60%\"><p style=\"margin-bottom: 0px\">ResourceObservation &quot;BSJ-MDS-Doffing1&quot; </p><p style=\"margin-bottom: 0px\">Profile: <a href=\"http://hl7.org/fhir/us/pacio-pfe/STU1/StructureDefinition-pfe-observation-single.html\">Personal Functioning and Engagement Single Observation</a></p></div><p><b>Event Location</b>: <a href=\"Location-org-Loc-SNF-Happy-Nursing-Facility.html\">Location/org-Loc-SNF-Happy-Nursing-Facility</a> &quot;Happy Nursing Facility&quot;</p><p><b>status</b>: final</p><p><b>category</b>: Taking Off Clothes <span style=\"background: LightGoldenRodYellow; margin: 4px; border: 1px solid khaki\"> (<a href=\"http://hl7.org/fhir/us/pacio-pfe/STU1/CodeSystem-pfe-category-cs.html\">Personal Functioning and Engagement Category</a>#d5401)</span>, Survey <span style=\"background: LightGoldenRodYellow; margin: 4px; border: 1px solid khaki\"> (<a href=\"http://terminology.hl7.org/5.4.0/CodeSystem-observation-category.html\">Observation Category Codes</a>#survey)</span>, Functioning <span style=\"background: LightGoldenRodYellow; margin: 4px; border: 1px solid khaki\"> (<a href=\"http://hl7.org/fhir/us/pacio-pfe/STU1/CodeSystem-pfe-functioning-cs.html\">Personal Functioning and Engagement Functioning Category Code System</a>#functioning)</span></p><p><b>code</b>: Upper body dressing - functional goal during assessment period [CMS Assessment] <span style=\"background: LightGoldenRodYellow; margin: 4px; border: 1px solid khaki\"> (<a href=\"https://loinc.org/\">LOINC</a>#89387-5)</span></p><p><b>subject</b>: <a href=\"Patient-Example-Smith-Johnson-Patient1.html\">Patient/Example-Smith-Johnson-Patient1</a> &quot; SMITH-JOHNSON&quot;</p><p><b>effective</b>: 2024-05-16 14:30:00-0400</p><p><b>performer</b>: <a href=\"PractitionerRole-Role-OT-JenCadbury.html\">PractitionerRole/Role-OT-JenCadbury</a></p><p><b>value</b>: Dependent - Helper does all of the effort. Resident does none of the effort to complete the activity. Or, the assistance of 2 or more helpers is required for the resident to complete the activity. <span style=\"background: LightGoldenRodYellow; margin: 4px; border: 1px solid khaki\"> (<a href=\"https://loinc.org/\">LOINC</a>#LA27998-6)</span></p></div>"
  },
  "extension" : [{
    "url" : "http://hl7.org/fhir/StructureDefinition/event-location",
    "valueReference" : {
      "reference" : "Location/org-Loc-SNF-Happy-Nursing-Facility"
    }
  }],
  "status" : "final",
  "category" : [{
    "coding" : [{
      "system" : "http://hl7.org/fhir/us/pacio-pfe/CodeSystem/pfe-category-cs",
      "code" : "d5401",
      "display" : "Taking Off Clothes"
    }]
  },
  {
    "coding" : [{
      "system" : "http://terminology.hl7.org/CodeSystem/observation-category",
      "code" : "survey"
    }]
  },
  {
    "coding" : [{
      "system" : "http://hl7.org/fhir/us/pacio-pfe/CodeSystem/pfe-functioning-cs",
      "code" : "functioning",
      "display" : "Functioning"
    }]
  }],
  "code" : {
    "coding" : [{
      "system" : "http://loinc.org",
      "code" : "89387-5",
      "display" : "Upper body dressing - functional goal during assessment period [CMS Assessment]"
    }]
  },
  "subject" : {
    "reference" : "Patient/Example-Smith-Johnson-Patient1"
  },
  "effectiveDateTime" : "2024-05-16T14:30:00-04:00",
  "performer" : [{
    "reference" : "PractitionerRole/Role-OT-JenCadbury"
  }],
  "valueCodeableConcept" : {
    "coding" : [{
      "system" : "http://loinc.org",
      "code" : "LA27998-6",
      "display" : "Dependent - Helper does all of the effort. Resident does none of the effort to complete the activity. Or, the assistance of 2 or more helpers is required for the resident to complete the activity."
    }]
  }
}