{"resourceType":"ValueSet","id":"toc-del-loinc-answered-by-LL5571-6-vs","text":{"status":"generated","div":"<div xmlns=\"http://www.w3.org/1999/xhtml\"><ul><li>Import all the codes that are contained in <a href=\"ValueSet-toc-loinc-answered-by-LL5571-6-vs.html\">Transitions of Care LOINC Terms Answered by LL5571-6 Answer List Value Set</a>, <a href=\"ValueSet-toc-del-loinc-vs.html\">Transitions of Care DEL LOINC Terms Value Set</a></li></ul></div>"},"extension":[{"url":"http://hl7.org/fhir/StructureDefinition/structuredefinition-wg","valueCode":"pc"}],"url":"http://hl7.org/fhir/us/pacio-toc/ValueSet/toc-del-loinc-answered-by-LL5571-6-vs","version":"0.1.0","name":"TocDelLoincTermsAnsweredByLL5571","title":"Transitions of Care LOINC Terms Included in the DEL Answered by LL5571-6 Answer List Value Set","status":"draft","experimental":false,"date":"2024-05-08T12:06:42-04:00","publisher":"HL7 International / Patient Care","contact":[{"name":"HL7 International / Patient Care","telecom":[{"system":"url","value":"http://www.hl7.org/Special/committees/patientcare"},{"system":"email","value":"patientcare@lists.HL7.org"}]},{"name":"PACIO project","telecom":[{"system":"url","value":"http://www.hl7.org/Special/committees/patientcare"},{"system":"email","value":"info@pacioproject.org"}]}],"description":"This value set includes those LOINC terms that included in the DEL which are defined to be answered by LOINC answer list LL5571-6.","jurisdiction":[{"coding":[{"system":"urn:iso:std:iso:3166","code":"US","display":"United States of America"}]}],"copyright":"This material contains content from LOINC (http://loinc.org). LOINC is copyright © 1995-2020, Regenstrief Institute, Inc. and the Logical Observation Identifiers Names and Codes (LOINC) Committee and is available at no cost under the license at http://loinc.org/license. LOINC® is a registered United States trademark of Regenstrief Institute, Inc.","compose":{"include":[{"valueSet":["http://hl7.org/fhir/us/pacio-toc/ValueSet/toc-loinc-answered-by-LL5571-6-vs","http://hl7.org/fhir/us/pacio-toc/ValueSet/toc-del-loinc-vs"]}]}}