{
  "resourceType" : "Organization",
  "id" : "org-Pharm-Everyday-Community-Pharm",
  "meta" : {
    "profile" : ["http://hl7.org/fhir/us/core/StructureDefinition/us-core-organization"]
  },
  "text" : {
    "status" : "generated",
    "div" : "<div xmlns=\"http://www.w3.org/1999/xhtml\"><p><b>Generated Narrative: Organization</b><a name=\"org-Pharm-Everyday-Community-Pharm\"> </a><a name=\"hcorg-Pharm-Everyday-Community-Pharm\"> </a></p><div style=\"display: inline-block; background-color: #d9e0e7; padding: 6px; margin: 4px; border: 1px solid #8da1b4; border-radius: 5px; line-height: 60%\"><p style=\"margin-bottom: 0px\">ResourceOrganization &quot;org-Pharm-Everyday-Community-Pharm&quot; </p><p style=\"margin-bottom: 0px\">Profile: <a href=\"http://hl7.org/fhir/us/core/STU6.1/StructureDefinition-us-core-organization.html\">US Core Organization Profile</a></p></div><p><b>active</b>: true</p><p><b>name</b>: Everyday Community Pharmacy</p><p><b>telecom</b>: ph: (610) 555 1893</p><p><b>address</b>: 125 Yew St, Grand Rapids, MI 49503</p></div>"
  },
  "active" : true,
  "name" : "Everyday Community Pharmacy",
  "telecom" : [{
    "system" : "phone",
    "value" : "(610) 555 1893"
  }],
  "address" : [{
    "text" : "125 Yew St, Grand Rapids, MI 49503",
    "line" : ["125 Yew St"],
    "city" : "Grand Rapids",
    "state" : "MI",
    "postalCode" : "49503",
    "country" : "US"
  }]
}