{
  "resourceType" : "PractitionerRole",
  "id" : "Role-Neuro-NuraMekel",
  "meta" : {
    "profile" : ["http://hl7.org/fhir/us/core/StructureDefinition/us-core-practitionerrole"]
  },
  "text" : {
    "status" : "generated",
    "div" : "<div xmlns=\"http://www.w3.org/1999/xhtml\"><p><b>Generated Narrative: PractitionerRole</b><a name=\"Role-Neuro-NuraMekel\"> </a><a name=\"hcRole-Neuro-NuraMekel\"> </a></p><div style=\"display: inline-block; background-color: #d9e0e7; padding: 6px; margin: 4px; border: 1px solid #8da1b4; border-radius: 5px; line-height: 60%\"><p style=\"margin-bottom: 0px\">ResourcePractitionerRole &quot;Role-Neuro-NuraMekel&quot; </p><p style=\"margin-bottom: 0px\">Profile: <a href=\"http://hl7.org/fhir/us/core/STU6.1/StructureDefinition-us-core-practitionerrole.html\">US Core PractitionerRole Profile</a></p></div><p><b>active</b>: true</p><p><b>practitioner</b>: <a href=\"Practitioner-Example-NuraMekel.html\">Practitioner/Example-NuraMekel: Nura Mekel</a> &quot; MEKEL&quot;</p><p><b>organization</b>: <a href=\"Organization-org-Neuro-Care-Inc.html\">Organization/org-Neuro-Care-Inc: Neuro Care Inc.</a> &quot;Neuro Care Inc.&quot;</p><p><b>code</b>: Neurology Physician <span style=\"background: LightGoldenRodYellow; margin: 4px; border: 1px solid khaki\"> (#2084N0400X)</span></p><p><b>location</b>: <a href=\"Location-org-Loc-Neuro-Care-Inc.html\">Location/org-Loc-Neuro-Care-Inc</a> &quot;Neuro Care Inc.&quot;</p></div>"
  },
  "active" : true,
  "practitioner" : {
    "reference" : "Practitioner/Example-NuraMekel",
    "display" : "Nura Mekel"
  },
  "organization" : {
    "reference" : "Organization/org-Neuro-Care-Inc",
    "display" : "Neuro Care Inc."
  },
  "code" : [{
    "coding" : [{
      "system" : "https://taxonomy.nucc.org/",
      "code" : "2084N0400X",
      "display" : "Neurology Physician"
    }]
  }],
  "location" : [{
    "reference" : "Location/org-Loc-Neuro-Care-Inc"
  }]
}