{
  "resourceType" : "ServiceRequest",
  "id" : "BSJ-SNFDischargeLabOrderCBC",
  "meta" : {
    "profile" : ["http://hl7.org/fhir/us/pacio-pfe/StructureDefinition/pfe-service-request"]
  },
  "text" : {
    "status" : "generated",
    "div" : "<div xmlns=\"http://www.w3.org/1999/xhtml\"><p><b>Generated Narrative: ServiceRequest</b><a name=\"BSJ-SNFDischargeLabOrderCBC\"> </a><a name=\"hcBSJ-SNFDischargeLabOrderCBC\"> </a></p><div style=\"display: inline-block; background-color: #d9e0e7; padding: 6px; margin: 4px; border: 1px solid #8da1b4; border-radius: 5px; line-height: 60%\"><p style=\"margin-bottom: 0px\">Resource ServiceRequest &quot;BSJ-SNFDischargeLabOrderCBC&quot; </p><p style=\"margin-bottom: 0px\">Profile: <code>http://hl7.org/fhir/us/pacio-pfe/StructureDefinition/pfe-service-request</code></p></div><p><b>status</b>: active</p><p><b>intent</b>: order</p><p><b>category</b>: Laboratory procedure <span style=\"background: LightGoldenRodYellow; margin: 4px; border: 1px solid khaki\"> (SNOMED CT#108252007)</span></p><p><b>priority</b>: routine</p><p><b>code</b>: Complete blood count without differential (procedure) <span style=\"background: LightGoldenRodYellow; margin: 4px; border: 1px solid khaki\"> (SNOMED CT#43789009)</span></p><p><b>subject</b>: <a href=\"Patient-Example-Smith-Johnson-Patient1.html\">Patient/Example-Smith-Johnson-Patient1</a> &quot; SMITH-JOHNSON&quot;</p><p><b>occurrence</b>: 2024-05-28</p><p><b>authoredOn</b>: 2024-05-18</p><p><b>requester</b>: <a href=\"PractitionerRole-Role-SNFDoc-GeraldPark.html\">PractitionerRole/Role-SNFDoc-GeraldPark</a></p><p><b>reasonReference</b>: <a href=\"Condition-BSJ-AnemiaDiagnosis.html\">Condition/BSJ-AnemiaDiagnosis</a></p></div>"
  },
  "status" : "active",
  "intent" : "order",
  "category" : [{
    "coding" : [{
      "system" : "http://snomed.info/sct/731000124108",
      "code" : "108252007",
      "display" : "Laboratory procedure"
    }]
  }],
  "priority" : "routine",
  "code" : {
    "coding" : [{
      "system" : "http://snomed.info/sct/731000124108",
      "code" : "43789009",
      "display" : "Complete blood count without differential (procedure)"
    }]
  },
  "subject" : {
    "reference" : "Patient/Example-Smith-Johnson-Patient1"
  },
  "occurrenceDateTime" : "2024-05-28",
  "authoredOn" : "2024-05-18",
  "requester" : {
    "reference" : "PractitionerRole/Role-SNFDoc-GeraldPark"
  },
  "reasonReference" : [{
    "reference" : "Condition/BSJ-AnemiaDiagnosis"
  }]
}